"PLOT","MODEL","FIA"
7,29.564365831856,43.4873005905876
11,122.129469351989,108.877977322936
12,101.988225353079,0
29,190.144604116319,155.826601610946
31,174.33595562682,119.51269260475
32,0.305392649703331,0
37,118.56833619351,41.7506555184334
39,185.049116402435,186.471941126406
41,168.275410382001,246.216611823878
48,3.72003756325865,0
49,61.5774885911378,78.00593623132
58,6.35583772380864,0
61,1.22685415479422,0
63,142.921692257909,102.725476008686
65,173.428424896618,170.716361029759
67,131.541609777813,195.933187092088
75,68.7636278674989,141.747577449196
87,16.9792059316633,0
88,111.609536687152,96.9728948814839
94,72.0578255958734,0
108,93.8745628506172,84.4232664600225
112,160.473861992234,110.998944952788
124,14.7626862028554,12.5378316130058
126,45.6483568726192,32.6638957391779
129,121.077907557377,58.5198312978298
130,112.802985237691,105.294299096824
147,114.07988823555,59.1351505844528
156,164.107248252811,222.314701191087
158,141.934571728082,98.46980088607
159,122.194721487659,123.756315317931
164,36.2353793640379,0
173,152.357814507194,216.581866478979
180,117.365844432428,181.802003844994
192,6.30508415793178,0
203,133.977604937887,134.911549686905
205,169.706311983481,143.288274242799
216,88.7972451470527,39.2651107746478
221,0,0
226,84.5730372739269,138.947843547466
232,118.105654648852,300.603057313881
233,130.153850676035,237.979532390435
234,99.627481687005,72.3402071269535
240,70.2235879921775,56.5215847516601
241,92.3165876449256,84.8502104219714
251,106.000532635764,80.2253459412008
258,193.357104644321,144.887373394716
270,100.20099282834,76.7086429962132
274,173.614304294049,154.467685342659
294,0.430073234122553,0
298,3.9433013240475,0
301,142.901214551864,114.609510988083
305,147.43834159527,79.7755602378517
315,40.5637150505118,0
316,4.95073210022061,0
317,58.2211888383032,10.372967130489
324,71.2026758044899,127.241053874142
329,170.454258228638,243.501044802498
332,93.5644123342678,73.4687555676249
341,69.5281389444158,84.6728800976952
345,120.869798904867,221.60356504811
352,111.349013149203,79.5033297010305
367,0.798016023840931,0
369,49.3355616089246,14.3303006256798
377,134.889199895242,30.1883363576244
388,110.664276369854,78.3178729735114
389,164.414131444607,213.353149682653
399,162.792307657083,175.300009085361
415,121.780379536017,102.635972239519
419,49.5395977176828,59.7270458723586
422,60.4844983363692,13.7368483458228
432,0,0
447,136.384771545102,96.7637948860168
449,58.9335071362667,38.6699257463907
450,179.952108799022,145.345885983146
460,147.304717865637,91.244522626689
465,242.601001111825,232.08249798505
468,95.0782055797265,49.6523517962189
474,0,0
478,110.860265875439,116.647831104058
493,0.00249479131335606,0
495,94.5497153213263,111.804044725291
500,0,0
511,129.920001783354,108.52133518501
516,135.587163319784,152.570422478273
518,122.010740512138,70.5933168757537
536,31.5555778497641,28.0822272910008
537,148.438510125627,228.260584361448
541,0.6779836843197,0
544,101.55685903582,0
551,149.785162224778,123.489345933304
553,1.90784010237305,0
558,60.0355413741008,22.7206159590903
565,13.0894571688946,0
580,109.934071413359,43.4541050837391
588,210.418530897687,261.277068083112
590,183.486099511864,231.303444284866
591,1.84600228405674,0
592,155.418850938263,173.195081592324
593,17.8053667904937,6.42780217242015
597,94.9271028419382,67.335641931318
614,144.047405326762,168.493690038095
620,184.371699000911,266.993359638537
621,0,0
627,76.8755182949671,0
630,210.552880836198,263.940121524812
633,0.343526023385579,0
638,2.15302871424828,0
662,105.387248238912,131.293927882803
689,137.296397359793,134.373990332109
691,1.34060370261152,0
694,3.31611087722429,0
696,43.4131208563197,24.3842081021058
698,206.503450666377,221.367777600145
701,99.785279422915,90.1326918984795
710,31.1377671161927,0
711,10.904796413081,0
715,185.493664295133,205.944516314172
716,100.617790614753,102.067334077488
718,47.8983971007625,138.114108397878
730,125.10999163621,79.0329202236094
735,30.8934655604114,4.85068482612563
739,157.32868133239,155.322438268081
747,115.510444155167,79.3485510754947
750,245.407800148422,223.71161005286
757,187.429615801733,142.366550312795
758,94.8614007615807,114.332699363742
759,80.8135151514549,80.9147310634473
763,242.492775759532,141.71978863189
769,78.7614823039436,59.484584333622
776,80.0633875089632,65.1220385450969
783,120.158529276367,137.766244868262
788,103.727735747025,62.9469982188329
789,168.830393114371,151.10291696063
795,142.88936259871,47.1841446409457
802,31.3711103955823,8.61959098336428
804,37.464691096393,24.1963457196864
805,102.040464941975,48.0670673669402
809,178.19439676877,130.644068427035
820,135.856257114526,116.437418446164
822,207.06654410116,286.963997040641
825,112.28087671728,153.624902992267
837,162.260700494656,132.523313800122
840,7.10987420084846,0
843,51.8433145606323,10.7756311646719
846,130.740766772501,125.561168556559
852,23.3822774503825,0
860,108.314400975757,116.818035912763
862,5.47662218060808,0
865,47.6215408710314,0
867,109.376338355971,111.207467574561
874,32.4238350219903,14.3411337348693
876,131.498197385509,97.3841612481372
878,2.8669927727992,6.31266446415705
880,35.0113976614309,0
883,5.87832135580008,0
885,164.498007338497,172.235275801071
900,101.319550818087,153.511655468523
907,157.643988121657,133.925867859737
910,0,0
914,167.77295001924,113.92493556625
917,125.817909126453,149.656506425926
919,162.818419675666,162.986627219601
921,137.155326518974,121.722502812542
928,153.52146885245,144.003260366671
935,135.855559215993,77.6358149107002
937,130.648276017331,121.902778001681
939,69.2435551981639,75.8315970623932
944,2.13523511047316,0
947,5.09913625629441,0
948,127.019375032125,115.570602163628
951,117.01579734184,73.4160848621121
961,0,0
965,136.10748147811,106.979962562803
967,69.2662232931569,42.7539089635112
968,0.442116219060921,0
969,95.7766852802294,110.478886882294
972,103.855492026526,54.1114626541426
973,15.8282195125598,0
985,0,0
993,165.844959167744,214.945989069256
995,41.7910428052484,15.9300699738462
998,142.809006740342,154.091359278422
1007,194.512259083862,174.661742553553
1014,157.861991243092,146.100832139345
1015,121.552545045874,101.611364466862
1018,153.143699444643,227.79501950504
1021,177.831272083666,164.208691163467
1026,27.4533597053398,0
1027,130.362673545206,138.086750769367
1031,162.604882997729,132.203448989147
1035,193.96535970125,211.714052286087
1038,153.67255614095,145.688381548188
1046,147.394159379981,42.4198973368199
1048,4.40425739716118,0
1055,3.14968363315983,0
1057,4.02569459119133,0
1058,83.2216737861827,86.7605401132319
1062,173.643982308114,153.048446966735
1069,181.839323451341,124.527940751672
1071,6.60279297165724,0
1075,164.39030487603,104.251975713591
1076,162.535338312222,110.646245530623
1079,51.8768748880927,59.9694032563774
1083,112.326468584651,152.220424360415
1088,106.128607045765,136.665465818332
1089,103.566817898727,92.2670172882508
1090,54.9571346140495,0
1092,191.24214806395,239.431769768108
1094,119.821457065447,134.628787941853
1104,75.4149501864038,55.2855758125008
1106,0.0564108437248092,0
1109,0,0
1115,53.2918824178538,0
1121,23.0773402680634,1.38568843544746
1128,145.817757691454,184.953096634739
1129,6.76348090488578,0
1135,5.03037783412352,0
1137,2.10246715652246,0
1142,204.060638564487,210.559354259185
1143,103.896269140745,1.38307990647773
1175,54.6089018237291,34.0693018006296
1182,44.1914503205817,57.0961652502859
1190,143.038624704908,94.4469471729493
1203,182.308877037578,137.351043900486
1205,0,0
1206,138.804748614016,130.87578833007
1212,147.216659579701,203.072455996354
1229,121.863975603708,148.986127607127
1233,162.786184501508,228.160484015009
1240,0,0
1242,164.848843989951,127.706771498897
1250,140.464092601487,58.1244931089219
1256,0.039121536979109,0
1277,198.924146297166,167.140554447704
1288,58.2646590613886,96.7092875134729
1290,148.725985199899,144.610642862792
1291,152.749473798234,118.638578355408
1297,86.9997716426042,52.9174999917355
1301,101.446136698761,101.49595142077
1305,118.985931326468,154.948691181502
1312,152.583108304712,165.743284690273
1327,83.5973535866655,110.006740589036
1328,190.174914846758,211.778253932677
1331,63.5342374468006,70.4347023131103
1332,168.866465503911,226.781068046342
1335,8.72627149025041,0
1339,0,0
1344,6.83223940359721,0
1351,127.435110929944,251.117643695534
1358,137.984646739031,120.205382651097
1359,197.751791803101,203.579053083068
1360,164.885676456981,163.311900291781
1370,17.2437678616919,38.4453866774189
1371,149.885290585863,154.195897239106
1375,8.77159075364488,0
1380,170.089204651718,181.538821972715
1383,15.9161997765247,30.6958591606232
1388,170.927716513682,137.14215585019
1399,37.1756075719379,35.0933482872161
1410,195.91655035748,162.219142382767
1416,10.7011923045708,0
1418,111.476128863396,143.909551191418
1426,171.8277016114,166.225779406674
1433,167.099565798205,101.422064909877
1436,22.063513009002,19.9263318833191
1441,157.70660697176,91.1278500376828
1448,0,0
1452,176.559928177453,117.60679431528
1458,143.806518777789,56.2182687701943
1462,187.067533932668,174.493767132028
1463,216.371075098313,155.198401958744
1464,101.017239942964,93.3850006456189
1468,83.0311948274798,60.8877147146596
1475,87.5579520847516,60.1264997611432
1481,193.136641491211,198.800850497013
1492,115.921121604805,152.842638377717
1495,88.9407347563474,47.7903495702091
1498,158.836606044366,73.7819461596674
1510,151.963207447065,221.464226372972
1515,2.2975385789492,0
1524,2.29831102596952,0
1527,187.848461309888,260.332910983394
1529,107.089827967837,135.168987724308
1538,145.839883218721,212.248981702221
1543,210.663338814853,211.823231509424
1545,0.0377767094809103,0
1547,253.066573231886,199.19438453815
1551,25.3445172296404,0
1556,97.0354533202909,91.9949973677695
1557,195.049268908088,237.678495623939
1559,0,1.33072034977773
1564,181.70386557537,231.508105505892
1566,158.347298321902,122.981088387945
1572,128.410251425284,53.0069024257345
1583,129.648990855857,147.46901023825
1584,130.128141637147,99.0154389532166
1585,115.943893249813,147.683185039287
1587,136.628750606834,172.129281482089
1589,8.89488461435252,0
1590,28.8698289100547,35.5070751024999
1592,175.193239738826,89.2789666720618
1598,10.2447889047208,11.4972779291176
1604,86.9240893248108,157.29115378484
1611,72.6261373306315,74.0261663623811
1617,62.0511647042886,108.181135630822
1621,151.903954851141,131.050928666668
1623,34.1675050914635,78.7669639343368
1624,166.257792022977,69.1292572394765
1626,4.94917242950286,0
1632,23.5705232712687,0
1641,17.1185466902395,0
1689,70.8631236609999,35.4338453106775
1693,123.209817497707,170.45137162355
1694,0,0
1701,139.680901869836,86.2555484971917
1703,39.0916480334274,15.8936958560405
1706,36.5212609623552,84.9594849366554
1708,39.5310380675219,10.0406814259186
1713,136.446543080357,133.358634170888
1716,54.6472595434983,9.23016406341213
1717,118.212436682889,76.5853252269414
1719,115.338155441684,93.0235296775095
1722,187.375121542728,177.214378773603
1726,125.951767404941,68.9441306097903
1727,131.531668991414,148.381876936319
1730,141.824471355848,188.263108660419
1738,56.5495530966741,42.8688866724281
1743,0,0
1744,126.999628924684,162.257539811024
1746,180.013907610837,170.331759464769
1750,100.034775893713,33.4875948083594
1754,155.969547143171,99.7309299856496
1759,133.91507670007,126.570278213794
1766,11.5367869414997,0
1771,4.581014106072,0
1784,132.603490599095,134.381577977326
1786,3.60061132496146,0
1787,139.304014395541,93.3948327943118
1792,3.77587364021078,0
1808,151.416990787357,160.268680976914
1810,31.0749752353376,16.5503211796076
1816,28.6701621077076,0
1817,2.53165715286221,0
1835,53.8121542699989,49.6177262108972
1840,71.1063660333403,43.4951427507849
1841,116.145669021457,163.263867644888
1849,101.95165346954,0
1850,118.190052051546,126.145985195481
1856,193.756757895176,225.598773848901
1865,0.239896101130711,0
1869,145.551895484744,204.056941990297
1871,293.482664337783,310.852459215739
1872,237.358211488496,200.876230670655
1879,148.743228820781,139.549190803493
1889,61.7617337485552,79.5591415201833
1896,1.05075434530468,8.9795940653978
1899,156.013489827764,172.933298911629
1901,47.300063381263,0
1905,1.36225537837612,0
1910,52.5794031502062,0
1911,136.925680313977,128.043789919373
1919,142.679798880941,136.650885796966
1938,93.7782645583185,99.5506179534901
1948,123.97671096223,165.208088388215
1952,60.2602504620899,49.0976977659144
1963,93.426004958119,78.5977698938451
1966,60.1043455978014,160.67959471769
1969,64.3563965285599,32.7876001240706
1975,240.09057195682,197.927843683281
1986,0.12817798133742,0
1988,100.266367343154,94.0302888485653
1993,125.334274313443,104.691988519269
2002,37.541347352802,26.5564516371002
2004,149.926049634281,183.195947497973
2007,161.095704667565,163.35889416383
2010,0.168862728580041,0
2026,125.826697069868,65.5773022159431
2027,5.27432621660272,0
2029,189.020698542103,187.920565190008
2032,143.378434739194,51.3172700720954
2033,0,0
2037,84.9524346756088,94.3296234365196
2053,43.3349621522441,24.2867948340626
2055,0.235492152726942,0
2056,3.32844687187501,0
2058,153.901094309461,82.4438650712469
2071,156.585486990182,163.593929925154
2072,1.77790837908713,0
2089,111.025688939298,133.731799998459
2096,130.886188411159,130.23929638123
2098,118.534953917003,147.051094306864
2101,213.313805438262,206.926478230739
2102,0,0
2103,124.776845761922,143.151782355354
2106,187.495166193867,360.565709029551
2108,0.896828330644063,5.69026729077357
2111,132.53597439511,150.901450755217
2117,8.21117961630494,0
2125,0.305964797813882,0
2127,21.0904843641025,2.74580725531298
2138,119.644160915016,62.2816706711294
2140,75.9179661873026,41.6769983826575
2152,142.357890622068,142.516381923133
2159,71.0706762355735,160.137714706013
2161,83.0751407376482,45.2813254957233
2167,28.486270777969,65.6633978169118
2178,160.810626848098,159.066353121034
2180,0.201085588806496,0
2181,31.2453277770624,6.20278462985551
2194,0.166332612198914,0
2195,117.32164139484,83.2370256480176
2197,126.669150670469,62.9365143763443
2200,125.105012220831,169.985720332419
2201,2.30792944330136,0
2206,168.239018220039,175.987103323208
2207,0,0
2210,1.06349664926529,0.529191955598491
2215,3.84115873206832,0
2220,172.861294063412,225.138860949161
2221,55.8898320852554,46.0731315754994
2223,202.98130076605,164.328927555786
2224,5.28847004224418,0
2227,40.4413146159671,41.8232970428451
2234,49.6126938461023,18.2647425584264
2237,52.239517577605,0.458204684123454
2240,0,0
2246,18.7976763189875,0
2263,111.57757602737,84.8011096175538
2273,101.915707254194,127.422901029877
2285,131.035782841462,147.783864196177
2289,179.035736233203,200.175392158448
2291,127.10037877599,113.105532391825
2293,113.434490448563,132.579502379961
2294,77.3191415553966,74.7215593926239
2302,71.9385442236536,14.3758821055241
2309,2.94614626989612,0
2310,70.7354082057777,132.542401425328
2311,166.305564440696,262.639528991215
2313,92.3268443103564,125.718345661332
2320,24.5042230387644,0
2325,0.601840645845797,0
2328,29.2519819736481,24.801634895525
2330,118.744242853091,0
2332,0,0
2339,2.26103233015147,0
2343,136.84941475197,125.33864398863
2348,169.31184170908,164.569882173193
2350,152.962180162853,103.906675100989
2353,162.843346766259,181.215239787386
2358,0.0425601346560216,0
2361,128.673177751701,84.6491437427502
2363,149.115152272129,97.6120716355419
2370,137.808285540854,230.127042501796
2383,107.007418722186,111.710928303096
2387,74.5335340182082,16.3930050062622
2389,26.7213852132731,50.8673593237262
2395,108.215370793767,116.753787386096
2400,114.407188745439,150.024914053717
2402,0.0155883813503234,0
2403,132.535664554764,108.025491322483
2421,0,0
2425,109.618057079693,204.37010019124
2429,149.935845965237,153.388477685188
2437,138.948028254644,126.798906932159
2445,57.1627672724796,50.4083599177237
2449,0.30210370665316,0
2457,129.614720159373,201.878970532671
2462,139.405919791691,171.966720729838
2472,108.515062512643,190.806271361002
2477,179.557017668118,217.699264226599
2485,154.484964733645,237.081692450524
2486,205.422623207535,262.684773487613
2496,0.385574723550769,0
2502,13.2933828207465,3.11061341384103
2503,48.9606213191211,21.5175952898522
2510,144.961805997292,198.995535421536
2512,1.61859082186757,0
2517,106.348504344547,71.9330176003019
2540,82.2651472566626,145.977577607588
2544,164.953135312941,242.719938031446
2549,0.994032294385712,0
2565,59.0046988507578,8.34834146782938
2569,207.04944119046,173.110923932846
2571,203.614660252431,173.952135240754
2586,109.634396986557,107.524299859548
2587,147.304973520981,187.905211998108
2590,61.6535663137835,36.8411370575098
2605,70.0214760426866,65.3710478951883
2610,59.2972820388827,126.999484405959
2616,94.2458964716039,180.407051305751
2627,0,0
2631,43.5579353033566,0
2634,183.324032660193,0
2636,147.157877206436,170.272761979038
2638,133.498175377805,158.124627174957
2644,22.4090453768714,0
2647,42.6587943823363,54.091998787641
2648,0,0
2652,83.5145752192938,45.3438834862973
2657,12.0989348514006,0
2659,83.4988794405752,77.2924874569835
2660,24.948807425866,0
2683,14.3404507356576,0
2687,154.654441625165,129.331094446561
2695,146.479967756839,138.31549624948
2696,243.67090470953,170.003849479248
2702,121.962221354592,224.370727764218
2740,97.6492828642303,34.5685240776819
2742,159.631163107394,181.007900223173
2753,141.749398484704,147.075923831035
2757,0,0
2766,167.763570399874,154.646051892043
2784,152.438487103811,95.5974154903224
2792,206.85966343207,138.270276744548
2801,119.487539352921,125.210840794179
2806,160.268062853769,177.960717963286
2809,137.288363100789,137.077934709583
2817,43.2725558985193,39.7380420292853
2824,0,0
2825,143.65680742029,155.160631205836
2829,64.4999389160217,33.6934197413241
2831,152.335975368509,148.918312612739
2836,122.705866658744,92.1491473280834
2837,110.713745017614,98.0259062682603
2839,47.2162150944651,27.4940797921649
2851,133.501337802244,183.644757266019
2860,0.620845753059915,0
2862,113.274740348064,94.4189491490782
2863,215.353353783123,231.827826641231
2865,35.7916532230728,34.78909731463
2869,28.4318470265436,5.91082801512522
2876,0,0
2879,126.138522740645,120.975934706425
2881,91.4460441134895,84.0396120412462
2893,22.2031516908459,0
2899,26.2458215321583,98.7569998811183
2901,53.9990746442624,6.98856661957683
2910,161.932096548751,192.39778263836
2913,0.346995625089132,0
2919,0,0
2922,118.977560805667,134.302276378949
2924,48.1032306475178,45.0985835510649
2925,92.1154443816626,74.4748102558934
2926,11.3980859294717,74.4856915605015
2929,0.0556596192907425,0
2936,147.514784630473,45.9944635394576
2939,149.85363742749,170.631615372684
2946,99.5689192988256,84.1233747883413
2950,260.83134641905,299.891872941759
2972,161.665346156481,120.088268762039
2981,134.079361452305,175.033026614784
2984,78.6739770132015,51.8691462385404
2997,143.390680297176,143.339710916255
3004,216.460913210584,268.704838068167
3016,59.0772395751114,0
3044,132.347409863549,119.307007219275
3047,28.7035512584349,0
3054,106.496513582388,110.760621913161
3057,31.7912749485841,0
3059,1.24804057662239,0
3060,58.5345138293887,29.0093628278962
3063,136.953161986186,70.2694569175289
3068,48.6127932982028,0
3076,166.336122061516,170.57009636606
3081,134.785452986798,141.513727605455
3087,138.222512145294,144.924057764205
3094,92.1169171678632,94.5990986861175
3115,209.684073469037,175.918010310434
3136,103.403261672225,89.1505232846117
3148,10.9094684817129,0
3151,131.336293965657,207.687405050525
3154,134.360012299183,0
3163,119.524840793106,113.63507211666
3179,130.654183639247,81.0581691889496
3181,119.825130335241,33.845680704298
3187,122.578290919447,75.2799866419112
3197,136.829237516347,44.456242769464
3202,171.836931313888,209.786839142739
3203,102.552588454548,61.4280533295997
3216,105.611529903504,131.679744990887
3227,0,0
3232,141.886670491164,105.184779584828
3238,186.319967567269,127.1626100328
3244,21.5544249597242,1.90441737815188
3249,119.915077931912,93.1578835568276
3250,102.258907167584,79.9397609496751
3251,81.2630081299724,74.923402709481
3264,149.127726274367,92.4439771654741
3266,57.3856588245664,92.7397749651827
3277,149.63761251216,0
3289,103.276367662134,84.9738741662208
3293,4.72403980979654,0
3296,88.7352553133581,63.2817382067975
3300,39.6388854545861,27.6353091712122
3301,0.295754605520286,0
3303,147.991862270286,238.132748236522
3309,172.897354647977,176.940878778226
3312,2.01232386747368,0
3314,67.114345946233,68.6716385833125
3315,90.648336396012,108.542819636846
3319,45.158361591784,9.83461614992254
3322,0.307355855626854,0
3327,149.710340364317,177.870546810675
3339,101.607622916796,87.8160822013028
3342,153.589802034453,104.209864870492
3344,0.786195063942872,0
3349,46.1053975799461,10.7721405280083
3353,174.166441848115,216.395547550624
3362,94.8603583778499,78.3768298793065
3368,18.9652332297124,1.45917566298007
3380,164.241979879808,169.194240268174
3382,0.477678537368774,0
3385,174.871310624693,155.307860378241
3389,125.557056417473,128.037772338566
3391,132.655019533719,113.102143764862
3402,153.408042308107,226.694679772033
3411,142.863684182447,170.065450529382
3412,143.512118024832,61.0247548022253
3417,2.65274309368194,0
3418,138.507784527127,134.694882086611
3427,122.515604394308,118.851603461312
3429,110.245167481961,111.2577659525
3433,0.484415558383324,0
3435,165.654819619013,226.24826908356
3436,0,0
3455,3.15882723069531,0
3462,37.0493502327026,54.3813402494826
3468,225.124896694541,211.508158887972
3471,141.536809766217,178.489857082676
3472,0,0
3476,10.9684300016494,10.0998265602869
3477,1.71883156563911,0
3484,1.45586285982317,0
3487,5.83226764813967,0
3492,16.5048729019669,102.715603441946
3493,136.818384692625,125.258768011487
3503,171.388239857577,90.8128103469568
3512,192.463399792797,108.829668029617
3529,4.09573597559044,0.491169965943046
3532,145.206265113589,92.6960007966715
3539,0,0
3550,163.334525389046,322.562983241425
3556,2.78434839161515,0
3559,20.1625958291222,7.76780167483682
3564,30.2197494124105,57.3924632907833
3565,120.698563113995,75.5212519359576
3571,0,0
3573,21.4404954995219,53.8028302222261
3586,0,0
3589,162.423197463765,223.577325434641
3593,20.3774533210568,20.8250229833276
3597,141.464329671227,199.134992780843
3598,97.1477160951674,109.629631290226
3599,135.185207173995,14.5146743073467
3606,126.741259739723,171.560421836984
3607,43.6869672087281,22.5956275457177
3612,111.839648651923,97.7467511526525
3615,9.12133920925391,0
3617,85.2140499324828,75.6785001163261
3619,111.431485556467,68.7612564902926
3625,157.941458391097,123.195016923546
3632,0.524315457791393,0
3634,125.188071089082,108.349733322991
3636,83.7028019715985,111.36269056253
3643,143.801487067941,118.916997352608
3644,180.404733016166,119.273430047882
3647,146.946265981288,213.795982456573
3657,141.148436378115,143.395993607008
3660,180.449987329991,108.451868784217
3670,106.231358882342,81.4137678235511
3679,195.417891920878,266.403788260191
3681,79.9775448996649,59.6702613017001
3694,95.1769988082007,100.609452844295
3699,172.758075579549,227.06251204973
3711,146.963987449384,204.795077253975
3712,164.395714493769,174.064545020872
3717,113.454328951881,75.628168126383
3723,75.2103867225807,36.311341880093
3733,90.4710718746852,103.230515563822
3737,147.580070907118,136.351440464102
3739,210.973378403772,177.892763455135
3740,4.97029974000774,7.04947225265334
3743,72.0334290382371,43.3131427727405
3746,257.848792740674,237.981081018171
3750,139.170160013542,87.9079978122159
3756,160.800806530731,153.678118120513
3771,1.61170321470477,0
3780,93.5797030246238,132.28969811394
3782,147.220139733916,98.2891250442674
3784,143.500054156442,151.863260383138
3789,90.961092000352,67.9264070720712
3796,0,0
3797,158.987861265572,225.460524255317
3807,141.604635103126,119.835143199425
3817,125.597348506442,137.827678276585
3831,0,0
3832,131.624857380328,246.016630691654
3836,15.3547478458701,0
3837,75.8985561918451,116.369173645776
3847,187.499899857434,173.148877322444
3849,185.597806755913,139.267933618903
3851,155.215464033694,164.116362980884
3855,170.085432556724,153.59336777543
3875,0,0
3878,106.521767841787,116.306373598855
3887,135.410042365724,98.4884273327221
3893,72.079578361631,43.9542059406751
3896,160.165087247244,172.337398149366
3907,246.740053730622,220.742237829148
3909,108.645283329945,117.569771910073
3915,53.1147234782896,33.3476394746962
3918,1.60057582873774,0
3927,7.6114027288783,0
3929,125.831608404676,122.536687080806
3936,6.53869008392156,0
3959,0,0
3962,176.132449129464,194.472186687829
3967,128.52280246066,112.519247475597
3970,152.905161117598,190.354228034501
3971,117.119998292125,102.209051967187
3978,129.318342071449,61.3999131950107
3981,165.101083193547,134.40808716411
4013,186.17710971527,244.958706380602
4016,138.755126737887,143.32125717716
4024,118.051306294088,98.2852078933263
4035,149.094264979203,128.138684958246
4036,0,0
4040,146.243955611402,69.6932277106318
4047,99.2732650756342,63.9581895269209
4049,101.239444808599,57.1794302186393
4052,133.990392155182,160.967827671414
4053,102.996445536164,96.4101633732253
4056,4.7859222307251,3.32993190380846
4057,135.850863665903,123.909555480951
4058,135.498442907519,175.740810825421
4063,5.42280308011288,0
4064,0,0
4066,148.506938104264,95.7491080711332
4072,139.702325121963,298.796367630818
4074,16.0304163295271,0
4075,67.3020305850527,134.152194611117
4076,16.52263160812,20.2917356717828
4077,0,0
4079,43.8801961781529,27.4686363818008
4087,207.939434321476,235.004809895163
4091,121.891513652692,111.207387750266
4097,146.322996258334,99.020006583793
4100,194.780027917395,243.794726024009
4108,45.5273338482268,67.9787620621794
4109,0,0
4112,197.032805852211,56.736066397986
4115,131.295706473929,165.881994187543
4120,135.373148610746,193.651788272951
4131,161.660630614661,95.7799076147538
4138,181.611797834688,208.932824062531
4159,83.9538249409522,129.829331682108
4162,1.83775826846636,1.93913063259262
4167,0,0
4169,37.8940605167085,7.79743267011273
4172,4.43922212284766,0
4184,118.757662073475,83.7608664484169
4198,134.829505226726,189.911024267156
4200,93.143962050064,79.2615964493685
4208,10.8436561427294,49.2140891419046
4209,170.059211807823,138.655298591126
4210,133.461874885374,139.943387216291
4212,136.590301524307,117.467096849028
4217,218.377525536404,162.193107352561
4218,149.143649108473,136.792949331121
4224,213.068478347065,187.061127204472
4230,70.7529204217187,34.9975757679489
4233,0.0325634715832375,0
4236,173.178260470791,208.394345392773
4237,123.451964050964,134.095636238523
4238,1.22238764688267,0
4239,123.43512438284,58.4621073246019
4241,119.083312464474,154.483943070491
4243,132.051153097991,167.859910354732
4246,131.90496030552,132.228786389826
4247,146.76854960659,190.816111840184
4260,153.080748986907,118.585443692264
4266,53.9113914845663,25.694865761522
4274,163.413328012111,127.91276280555
4278,121.795492790066,107.019791108314
4284,137.710417399208,58.4016450489043
4285,172.286082164443,255.585407597357
4289,174.242250996025,156.895420575624
4291,0.0156294683747914,0
4301,2.19569674100049,0
4303,133.076350481481,111.448911842581
4311,6.97842719472955,0
4314,120.561370076406,124.621921298498
4322,8.82206560787036,0
4325,13.2299514609362,0
4326,48.467979493911,36.9795193115978
4328,200.535873419773,149.501788987324
4331,0,0
4337,28.6766899444531,20.8374747031037
4348,12.9163640418841,0
4354,118.569528799725,189.243148102549
4359,76.5131440763302,68.4201787272143
4364,2.20886045094157,0
4371,127.189959492415,189.568403798746
4373,137.584660860163,128.329050244434
4387,40.4761201265722,0
4393,178.267261108776,165.629067855144
4394,114.139444637656,148.906053506004
4395,81.5580623800655,70.4949790516235
4403,137.776411573906,136.755709456314
4406,37.4595226075924,32.5146251990601
4439,118.648209372362,64.0585409010019
4445,153.957685463178,94.757561148202
4446,54.5962365328563,26.2981224667451
4474,135.226529282126,135.421021460017
4478,0,0
4485,116.766392135808,61.3401198474396
4487,150.474226857233,140.441655487123
4488,148.771042790219,156.065518186091
4490,0.631427692334629,0
4498,170.030141183274,198.258722364934
4499,49.691190823785,13.5859713906842
4504,208.316219264149,194.820870881882
4513,4.06500524354257,0
4526,23.7032291982296,0
4528,107.510623312234,75.190311952701
4534,138.212550722562,91.7846367231537
4545,26.2251569555655,110.258465226514
4550,1.63465758521667,0
4562,0.892757930606736,0
4570,30.9098343927095,24.2962557127718
4572,115.206151017941,65.8009260711168
4575,206.727323227283,172.58627195195
4615,187.257420304711,168.490047800027
4627,0,0
4650,42.0235627981708,13.0727625873114
4653,103.215703819728,76.5843352006328
4658,136.771045040461,20.3695236034952
4670,142.16695510627,170.993996077379
4674,222.500197312805,176.030502950248
4676,0.452431645005711,0
4688,92.5478982566415,52.947706708099
4691,127.206659239891,168.618568792556
4696,130.621941915335,103.631662221406
4704,169.020954025183,182.382952128729
4705,18.1644198825689,43.2930272664059
4714,134.675091274074,53.4730908816182
4724,67.8426998459679,61.2425679155449
4725,3.02150088078908,0
4726,228.104947398777,157.083696298681
4729,132.260894558536,87.6857678265572
4737,185.17618565071,154.193498705905
4740,0.0411744241842108,0
4744,133.896271402421,94.1066419395979
4749,42.2628580527459,21.839290393517
4757,97.4247208238507,176.088709248655
4761,53.5275425860209,53.7897549974094
4768,38.4942032268821,56.0584187522284
4769,0.179337939556631,0
4780,171.440662319259,173.345640295812
4781,58.2135300010624,74.1223514398276
4790,0.317824798059466,0
4793,113.154544827262,222.631967422462
4803,85.9756918017171,70.3155677577732
4807,69.6499284985245,92.396840474447
4815,199.687994383838,154.26053350112
4819,35.7661292415779,0.951900670098516
4824,15.0786542718303,10.9708952571491
4841,78.5565655211682,83.362960195804
4842,154.631594430623,140.085502487165
4850,98.7001097662804,67.6559873204306
4851,135.99664755449,238.872179312781
4853,218.154510143566,207.894776128943
4865,190.954137441476,306.151466310808
4869,5.98914936584929,0.443506848736568
4883,22.0425673995498,48.2625089831439
4884,35.8460887862566,0.877997653371186
4899,10.5781231065775,0
4915,20.7290997600908,27.1246219157144
4919,172.169804833417,232.061478475664
4933,240.355035662424,319.943773580093
4936,0,0
4937,89.9159881818269,68.5751433755987
4943,211.419464322534,258.930251170417
4956,51.3031013228028,75.0326185127692
4959,0,0
4960,0,0
4962,148.905596623817,200.921456044028
4967,176.984704076075,248.925766864714
4972,76.9724778073145,45.1431047924086
4975,10.5224412041956,0
4976,92.3501996710322,73.1960448573864
5000,101.917006295396,86.5248984994094
5007,30.9707074525991,30.8358408415649
5008,232.196352346862,174.02254716888
5013,147.704737640161,196.029452492984
5018,6.46975220863328,0
5029,151.516379613164,94.6816086288883
5038,124.100241112221,59.3511171758069
5039,0,0
5042,148.501345895411,165.621776424568
5064,194.119432662279,167.411057915697
5075,42.6765958681644,15.4936895850275
5078,1.93153431270401,0
5085,42.4925256304648,30.161745046386
5095,0.135127123322945,0
5098,0,0
5099,188.291974222848,165.435020553647
5102,203.704916850961,274.951278114911
5106,161.451273647086,138.630121385408
5114,180.660554452142,128.813958765474
5120,184.434184711893,237.127868700282
5122,124.141389568863,133.803007154365
5126,159.236221146623,170.550126639905
5128,0,0
5129,184.591803690663,422.618582004929
5131,31.0708003505819,25.9652970476854
5137,132.118601961877,156.359933974583
5142,88.9902383720697,76.0415263293451
5150,40.4635863971687,31.3441108118309
5155,156.32866755066,75.5119402842946
5160,120.002505891551,41.9298927758954
5173,115.239600622127,163.539541810133
5190,124.132375405329,111.257850741361
5196,201.384175497698,169.838982894935
5200,15.832900843023,0
5213,80.3633595482418,64.8433085744634
5214,156.701197988312,151.803498239486
5219,0,0
5224,165.321922730146,166.607202178583
5226,140.387893140356,81.7097175619304
5230,153.095835389863,180.772374298592
5246,193.37745897004,135.734728805429
5251,78.9398509877823,121.396173474863
5268,51.5765839688638,0
5278,8.76508744248487,0
5279,129.220612514208,151.320583592255
5295,196.34338222756,200.880131329252
5312,64.7619183342349,18.1218336651628
5318,86.3475516852269,54.6760787482921
5319,122.998103213214,98.35719606459
5340,20.2254797787322,11.448267674077
5342,49.3082758059857,48.7593926323157
5343,186.289784332574,232.126765952555
5347,309.05242658655,236.516263624451
5350,282.258293637685,234.905866420894
5352,47.6956714369255,47.1337968264467
5362,143.81702426798,132.424700112026
5365,0.720237752693055,0
5367,77.8191331433324,81.4942120074783
5379,15.5785503103363,20.0223145669889
5390,131.996231345237,138.112441092718
5414,162.55260074467,169.355087064529
5415,124.171346671009,130.184474318572
5419,16.0108102620258,0
5458,144.882921151833,142.86080112281
5459,22.347238765084,23.8258758810979
5469,144.799956143405,172.588080275084
5472,116.929993816103,147.765046606967
5475,1.39837614877575,0
5478,145.630179532647,109.432765963145
5482,47.1409109040609,56.7239987103676
5487,148.893755183541,122.091424947505
5491,92.6670489947838,74.8408035798907
5498,138.884053787359,183.362720273485
5501,157.428113000525,124.484716017678
5510,53.9074575569042,1.00666987631112
5512,164.183783097114,173.013205276506
5519,54.1026882916586,8.83640603668128
5529,18.6575224780467,0
5543,32.1563728595709,0
5546,0,0
5548,180.425681850093,297.788745724671
5551,26.0804189865947,9.73636127992211
5566,167.402882307188,188.778586580995
5571,0,0
5574,125.699989233875,131.518969108239
5579,180.620983871196,207.454082516603
5584,92.9884415366993,49.8730234610953
5586,52.4490833823453,0
5591,167.579514207715,199.084493391922
5601,20.9445579526774,201.984081786121
5605,142.863182114445,118.356085364739
5608,161.685610804326,111.995483187533
5617,20.4495073482117,0
5618,188.984550240085,186.681433700371
5624,163.366330341319,130.096677213595
5627,98.7263603930034,59.095667022355
5628,156.720601078273,226.453024840456
5629,127.464848192581,150.83977152665
5631,4.31530121018633,0
5632,49.791155132084,60.7359971221466
5637,1.13144605099205,0
5639,108.891539348411,73.3746164514639
5642,0,0
5644,0.481091821698659,0
5660,102.747036469279,66.4219646935593
5675,157.768569997668,174.716607536777
5687,78.703427468392,55.9558656333501
5689,152.731635022025,105.196090128828
5697,139.23850541654,158.124735808577
5711,15.8411615851025,18.1639263768012
5736,3.1286700146401,0
5738,0,0
5739,92.1050030286657,104.008928059205
5752,106.298702202288,43.3005948914687
5755,53.6348203310938,49.3039608758407
5759,38.6855097188716,25.4455266117664
5762,141.368513046863,175.682582881234
5764,51.5905390854305,37.2596153272394
5773,126.228584667547,170.13712055692
5775,0,0
5780,168.286640059471,137.810364681229
5792,160.624930145487,143.344788730244
5795,48.3693267200677,51.5643152953057
5798,97.9310612089931,97.5544780428942
5804,46.8084817795478,3.16146322291606
5807,0,0
5811,0,0
5812,185.8195308642,250.498491433006
5829,53.6618192941016,49.1037119605628
5833,135.402880962047,175.83044662103
5837,106.537608242505,158.236270287045
5842,160.487406590687,170.242239688922
5846,42.2898575662782,29.4696797732027
5863,6.08508618764912,0
5869,13.8544954374059,3.61550758677177
5879,6.1916930893521,0
5881,37.1165623035371,55.3173108801232
5882,9.91328152749831,0
5885,173.125398427262,256.222490262164
5891,12.5752109114089,0
5893,139.57638849283,89.2580721874601
5894,92.9114589558911,0
5895,177.101305100475,223.671665649475
5897,21.0215326052783,0
5905,88.3343409679348,85.1436742952981
5908,154.998357661371,134.681259363188
5912,176.250785451898,193.709639962352
5914,146.444483401444,172.467921049397
5918,129.54802861872,105.544603659161
5919,161.648182655859,150.621006208116
5922,69.4572146810652,0
5923,0,0
5924,0.873111537684489,0
5925,0.774632634639225,0
5934,0,2.69088789119796
5941,180.416152030884,61.7182705315389
5951,73.5474830856805,98.1633390624844
5954,288.055316295544,298.800802816742
5962,80.4017907643711,82.5802579371741
5965,122.749539712582,98.2017901970979
5991,98.9351860161391,53.4946118526986
6002,180.523903574245,117.419316470918
6016,159.035283659434,138.835578002845
6017,188.124065558714,227.042060949488
6021,129.075369471128,169.593138172722
6032,134.796887385446,123.098376697875
6035,184.831893050113,148.078021071731
6036,212.611036275675,202.473175112995
6038,157.38018141328,118.598152112508
6041,19.2067194545729,0
6042,189.621635295493,166.841188466961
6050,206.275533191295,137.791761303623
6058,92.9772639586964,95.7625577294957
6060,32.6754237754982,8.1058981819693
6061,41.0379340564123,68.7807961001609
6071,1.34203208075028,0
6087,238.011628318186,276.46536746918
6091,30.7069214736103,67.6454775556197
6094,177.256541090369,163.336133629518
6097,9.35063401463807,0
6102,132.975347222094,119.264621490285
6112,33.7374597223406,27.7199162588705
6123,86.1369445962221,209.560908450449
6133,127.436197216461,95.4223984044857
6135,151.132843839251,109.225663713309
6139,164.70502495599,164.685554800012
6150,130.192341272264,159.946907519438
6151,68.5796056958569,82.9806705808942
6152,138.069998727374,211.158935640473
6155,102.584849175075,25.9342948876921
6163,51.2767157397357,25.6789596342766
6166,67.4008226743719,57.05698647615
6167,0.156545314012712,0
6174,0.00453102606646787,0
6182,39.8948735308935,31.5839941418786
6185,162.607034761075,188.903838824655
6186,148.425468252158,108.337356064968
6188,130.172046636796,109.418780677967
6190,5.60292621873892,0
6191,4.97989218274035,0
6193,250.938127216398,253.06188394637
6194,13.9786716006652,0
6196,113.810725597966,90.7010357682899
6199,210.830242628439,148.479155162756
6210,31.4584508026618,0
6214,54.9130877151065,129.77114460116
6216,75.4297126123431,80.254662428487
6219,150.317851878243,63.0805083646679
6228,104.68468345669,57.5600968519854
6230,163.246916961638,182.617343069754
6234,38.5125778449858,32.5756992833876
6239,2.51136310334341,2.23984555891986
6255,103.068485562544,122.456731110735
6257,99.7906677111836,86.3967299506339
6258,62.6049351104625,82.7450331963967
6268,0.733067452907562,0
6272,95.1158657074674,84.3094606451364
6288,69.5314612654842,79.6301021273491
6294,48.546162219926,121.617260159966
6305,137.005497768366,139.910679714194
6317,99.5384705401101,76.769279706274
6321,82.6373249691795,73.841266254535
6327,142.767016443715,285.738863949114
6332,66.6452444305509,80.6623452684684
6334,203.19070185133,206.713857366017
6336,150.857429620483,238.080814310461
6338,140.637771322257,136.325794275477
6341,232.530485975382,242.740065011595
6344,66.8957481991238,64.5275301548842
6345,0.867369699879504,0
6352,0.984480437683116,0
6359,118.444968843273,103.253253636168
6369,223.551896436969,204.147003531214
6371,230.131107239115,314.904884295374
6373,0,0
6382,146.829991778017,129.29128119947
6389,184.263308319292,224.287936662394
6399,0,0
6407,131.311667822803,124.469485793236
6414,9.61252459631869,0
6417,37.5411178301254,18.070987606494
6432,214.786561850076,264.616429830343
6433,122.702938993822,129.063360012784
6452,2.24565400320995,0
6458,94.2714211987192,32.4775357789497
6462,73.3872810732311,20.1524171584515
6463,121.993786347547,85.1353297762767
6465,211.791723237362,163.360043130468
6473,150.858891425448,65.1426756546963
6479,0,0
6480,132.626257615062,254.274540744866
6489,36.6377036651195,7.98906646376506
6492,91.3037364329243,130.379297670861
6499,209.748049745729,189.985414937878
6505,0.550141932885088,0
6506,27.2072859899813,25.7167817056933
6510,163.006964269257,204.499560350252
6515,169.034243541958,157.95364390063
6524,142.849161633405,121.498283391505
6530,169.39671279724,148.282344189585
6534,91.1351351204749,90.9096881905437
6536,0.625392780147913,0
6543,165.476716379797,176.613165311296
6547,17.8628858898,0
6550,78.4453767470359,61.5654800462769
6558,136.338465257012,117.531074705638
6559,179.172029892572,272.774248811952
6568,105.470960013901,158.180314495462
6573,143.229474802781,0
6575,4.0986544191717,0
6580,25.8588871680657,21.2246551513163
6587,137.111899560927,201.68563039186
6590,3.73839621783866,0
6592,111.037256241141,70.2457723465206
6594,154.603475388859,116.876158825339
6608,140.554744288961,104.409673113034
6613,185.890907229688,175.703799307185
6628,115.810892101541,45.3618989067784
6630,160.47750284546,249.748534140064
6631,4.82652125410967,0
6634,0.8334739268107,26.6021301418431
6637,193.693205529212,125.08446270689
6640,159.056865815693,114.800469998658
6642,87.8089525405552,47.0246172658434
6647,14.606041285297,0
6657,54.7364910463905,59.7890206005605
6660,56.4624854321951,31.5515798325125
6667,36.569644297267,42.5555307792061
6679,66.9316630637627,42.4610067877207
6683,114.449301541691,124.694078143609
6689,29.0124858377625,0
6696,35.1531969075577,10.6254581189672
6697,4.29759611574698,0
6700,11.3202369335213,0
6713,118.320843155777,157.068025259851
6715,131.549242296429,144.166489136429
6723,143.202646355536,144.020899680764
6729,131.14339956459,131.469092010197
6735,162.771041792911,167.431117132211
6740,111.106336341367,85.2086382726678
6743,182.799395229756,176.368792731464
6749,145.763619857858,175.40768152902
6865,0.980639186396557,0
7360,164.886096520922,157.372460980417
7516,11.6359492065431,27.0084999753855
7534,81.6918497351735,0
7536,51.654407923804,54.4006035974107
7716,97.0392363907411,236.508204001398
7962,149.218421233418,150.06739466259
8128,12.3602107001711,2.67084529518939
8209,7.36713375099771,0
8237,0.722707461116968,0
8252,4.24363768552674,0
8275,112.639051178351,105.080959415478
8304,78.4063347240567,60.8898142878676
8327,0.483848950218255,0
8331,183.203848246231,167.455124771039
8372,162.355385042304,307.879858492572
8381,3.13292629810482,0
8385,9.16650648111081,0
8404,15.5519269349683,12.8662009018767
8408,19.0544905417924,0
8418,70.0668003975205,64.9709267781016
8428,14.6739955213477,4.73975575496489
8429,131.882924275918,156.387202571418
19025,100.331743385764,94.9710592369956
